Mine Density,Average Cost
0.05,0.0
0.1,0.0
0.15000000000000002,0.2
0.2,1.4
0.25,6.7
0.3,10.8
0.35,16.8
0.39999999999999997,24.9
0.44999999999999996,31.8
0.49999999999999994,43.5
0.5499999999999999,54.4
0.6,62.9
0.65,75.9
0.7000000000000001,86.0
0.7500000000000001,99.5
0.8000000000000002,115.2
0.8500000000000002,132.0
0.9000000000000002,147.7
