Mine Density,Average Cost
0.05,2.3
0.1,3.5
0.15000000000000002,4.7
0.2,9.6
0.25,20.8
0.3,33.0
0.35,49.2
0.39999999999999997,62.0
0.44999999999999996,75.6
0.49999999999999994,88.4
0.5499999999999999,103.2
0.6,105.2
0.65,125.5
0.7000000000000001,128.5
0.7500000000000001,138.8
0.8000000000000002,149.1
0.8500000000000002,154.6
0.9000000000000002,167.9
