Mine Density,Average Cost
0.05,0.4
0.1,0.0
0.15000000000000002,1.7
0.2,19.1
0.25,17.0
0.3,35.2
0.35,52.2
0.39999999999999997,65.5
0.44999999999999996,79.9
0.49999999999999994,84.0
0.5499999999999999,112.6
0.6,156.9
0.65,252.1
0.7000000000000001,328.0
0.7500000000000001,359.7
0.8000000000000002,486.6
0.8500000000000002,562.4
0.9000000000000002,779.6
