Mine Density,Average Cost
0.05,0.2
0.1,0.7
0.15000000000000002,1.5
0.2,8.6
0.25,16.8
0.3,37.3
0.35,49.8
0.39999999999999997,63.6
0.44999999999999996,75.2
0.49999999999999994,99.0
0.5499999999999999,143.0
0.6,133.2
0.65,224.3
0.7000000000000001,313.8
0.7500000000000001,489.0
0.8000000000000002,435.7
0.8500000000000002,577.2
0.9000000000000002,776.9
