Mine Density,Average Cost
0.05,0.0
0.1,0.4
0.15000000000000002,0.8
0.2,0.8
0.25,3.4
0.3,5.4
0.35,9.2
0.39999999999999997,14.8
0.44999999999999996,22.4
0.49999999999999994,26.6
