Mine Density,Average Cost
0.05,0.0
0.1,0.0
0.15000000000000002,0.7
0.2,0.8
0.25,1.6
0.3,4.5
0.35,7.0
0.39999999999999997,9.4
0.45,16.1
0.5,24.0
0.55,28.7
0.6000000000000001,43.7
0.6500000000000001,52.1
0.7000000000000002,68.6
0.7500000000000002,82.1
0.8000000000000003,100.1
0.8500000000000003,122.3
0.9000000000000004,154.5
