Mine Density,Average Cost
0.05,2.0
0.1,2.6
0.15000000000000002,2.0
0.2,6.2
0.25,13.4
0.3,25.0
0.35,31.6
0.39999999999999997,49.8
0.45,60.5
0.5,71.2
0.55,81.1
0.6,92.1
0.65,102.3
0.7,116.1
0.75,123.6
0.8,137.6
0.85,153.4
0.9,177.5
