Mine Density,Average Cost
0.05,0.0
0.1,0.0
0.15000000000000002,0.4
0.2,1.8
0.25,3.6
0.3,6.4
0.35,10.0
0.39999999999999997,13.8
0.44999999999999996,19.2
0.49999999999999994,26.8
0.5499999999999999,35.3
0.6,44.2
0.65,54.2
0.7000000000000001,71.2
0.75,83.0
0.8,102.4
0.8500000000000001,131.2
0.9000000000000001,148.4
