Mine Density,Average Cost
0.05,1.8
0.1,2.9
0.15000000000000002,3.8
0.2,6.3
0.25,12.9
0.3,20.6
0.35,27.4
0.39999999999999997,39.3
0.44999999999999996,57.7
0.49999999999999994,71.1
0.5499999999999999,78.1
0.6,88.3
0.65,102.1
0.7000000000000001,111.8
0.7500000000000001,123.9
0.8000000000000002,136.5
0.8500000000000002,149.6
0.9000000000000002,166.8
